experiment,git_hash,tta_level,train_epochs,n_runs,mean_time,std_time,mean_acc,std_acc
grid_tta2_ep10.2,6b887b13878224af5f5ffcd56950f585ef9affd6,2,10.2,25,4.501475107822419,1.5412325742722253,0.9393639707565308,0.0017126696069906645
grid_tta2_ep9.6,6b887b13878224af5f5ffcd56950f585ef9affd6,2,9.6,25,4.227281507606507,1.5455637714870525,0.9379879760742188,0.0013875466098308119
grid_tta2_ep9.9,6b887b13878224af5f5ffcd56950f585ef9affd6,2,9.9,25,4.355381377801895,1.4650779499318372,0.9385119724273682,0.0008353287659236915
grid_tta2_ep9.9,afa5f23ff7b24f0b2f1d768132535d22302db379,2,9.9,25,4.384634965381623,1.523288232342977,0.9401599740982056,0.0011979182572145945
